<?xml version="1.0"?>
<module>
<exporttime>2016-07-25 18:12:16</exporttime>
<name>CaseManagement</name>
<label>CaseManagement</label>
<parent>Tools</parent>
<version>1.0.1</version>
<dependencies>
<vtiger_version>6.0.0</vtiger_version>
</dependencies>
<tables>
<table>
<name>vtiger_casemanagement</name>
<sql><![CDATA[CREATE TABLE `vtiger_casemanagement` (
    `casemanagementid` int(11) NOT NULL DEFAULT '0',
      `case_number` VARCHAR(32) DEFAULT NULL,
    `client` INT(19) DEFAULT NULL,
    `subject` INT(19) DEFAULT NULL,
    `case_status` VARCHAR(32) DEFAULT NULL,
    `case_opened` DATE DEFAULT NULL,
      PRIMARY KEY (`casemanagementid`)
  ) ENGINE=InnoDB DEFAULT CHARSET=utf8]]></sql>
</table>
<table>
<name>vtiger_casemanagementcf</name>
<sql><![CDATA[CREATE TABLE `vtiger_casemanagementcf` (
  `vtiger_casemanagementcf` int(11) NOT NULL,
  PRIMARY KEY (`vtiger_casemanagementcf`)
) ENGINE=InnoDB DEFAULT CHARSET=utf8]]></sql>
</table>
</tables>
<blocks>
<block>
<label>General Information</label>
<sequence>1</sequence>
<show_title>0</show_title>
<visible>0</visible>
<create_view>0</create_view>
<edit_view>0</edit_view>
<detail_view>0</detail_view>
<display_status>0</display_status>
<iscustom>0</iscustom>
<islist>0</islist>
<fields>
<field>
<fieldname>case_number</fieldname>
<uitype>4</uitype>
<columnname>case_number</columnname>
<columntype>VARCHAR(32)</columntype>
<tablename>vtiger_casemanagement</tablename>
<generatedtype>1</generatedtype>
<fieldlabel>LBL_CASE_NUMBER</fieldlabel>
<readonly>2</readonly>
<presence>2</presence>
<defaultvalue></defaultvalue>
<sequence>1</sequence>
<maximumlength>100</maximumlength>
<typeofdata>V~M</typeofdata>
<quickcreate>1</quickcreate>
<quickcreatesequence></quickcreatesequence>
<displaytype>1</displaytype>
<info_type>BAS</info_type>
<helpinfo><![CDATA[]]></helpinfo>
<masseditable>0</masseditable>
<entityidentifier>
<fieldname></fieldname>
<entityidfield>casemanagementid</entityidfield>
<entityidcolumn>casemanagementid</entityidcolumn>
</entityidentifier>
</field>
<field>
<fieldname>client</fieldname>
<uitype>10</uitype>
<columnname>client</columnname>
<columntype>INT(19)</columntype>
<tablename>vtiger_casemanagement</tablename>
<generatedtype>1</generatedtype>
<fieldlabel>LBL_CLIENT</fieldlabel>
<readonly>1</readonly>
<presence>2</presence>
<defaultvalue></defaultvalue>
<sequence>3</sequence>
<maximumlength>100</maximumlength>
<typeofdata>V~M</typeofdata>
<quickcreate>1</quickcreate>
<quickcreatesequence></quickcreatesequence>
<displaytype>1</displaytype>
<info_type>BAS</info_type>
<helpinfo><![CDATA[]]></helpinfo>
<masseditable>1</masseditable>
<relatedmodules>
<relatedmodule>Contacts</relatedmodule>
</relatedmodules>
</field>
<field>
<fieldname>subject</fieldname>
<uitype>10</uitype>
<columnname>subject</columnname>
<columntype>INT(19)</columntype>
<tablename>vtiger_casemanagement</tablename>
<generatedtype>1</generatedtype>
<fieldlabel>LBL_SUBJECT</fieldlabel>
<readonly>1</readonly>
<presence>2</presence>
<defaultvalue></defaultvalue>
<sequence>4</sequence>
<maximumlength>100</maximumlength>
<typeofdata>V~O</typeofdata>
<quickcreate>0</quickcreate>
<quickcreatesequence></quickcreatesequence>
<displaytype>1</displaytype>
<info_type>BAS</info_type>
<helpinfo><![CDATA[]]></helpinfo>
<masseditable>0</masseditable>
<relatedmodules>
<relatedmodule>Contacts</relatedmodule>
</relatedmodules>
</field>
<field>
<fieldname>case_status</fieldname>
<uitype>16</uitype>
<columnname>case_status</columnname>
<columntype>VARCHAR(32)</columntype>
<tablename>vtiger_casemanagement</tablename>
<generatedtype>1</generatedtype>
<fieldlabel>LBL_CASE_STATUS</fieldlabel>
<readonly>1</readonly>
<presence>2</presence>
<defaultvalue>Open</defaultvalue>
<sequence>5</sequence>
<maximumlength>100</maximumlength>
<typeofdata>V~M</typeofdata>
<quickcreate>0</quickcreate>
<quickcreatesequence></quickcreatesequence>
<displaytype>1</displaytype>
<info_type>BAS</info_type>
<helpinfo><![CDATA[]]></helpinfo>
<masseditable>1</masseditable>
<picklistvalues>
<picklistvalue>Open</picklistvalue>
<picklistvalue>Pending</picklistvalue>
<picklistvalue>Reopened</picklistvalue>
<picklistvalue>Closed (Client Request)</picklistvalue>
<picklistvalue>Closed (Defaulted)</picklistvalue>
</picklistvalues>
</field>
<field>
<fieldname>case_opened</fieldname>
<uitype>5</uitype>
<columnname>case_opened</columnname>
<columntype>DATE</columntype>
<tablename>vtiger_casemanagement</tablename>
<generatedtype>2</generatedtype>
<fieldlabel>LBL_CASE_OPENED</fieldlabel>
<readonly>1</readonly>
<presence>2</presence>
<defaultvalue></defaultvalue>
<sequence>5</sequence>
<maximumlength>100</maximumlength>
<typeofdata>D~M</typeofdata>
<quickcreate>1</quickcreate>
<quickcreatesequence></quickcreatesequence>
<displaytype>1</displaytype>
<info_type>BAS</info_type>
<helpinfo><![CDATA[]]></helpinfo>
<masseditable>0</masseditable>
</field>
</fields>
</block>
<block>
<label>System Information</label>
<sequence>2</sequence>
<show_title>0</show_title>
<visible>0</visible>
<create_view>0</create_view>
<edit_view>0</edit_view>
<detail_view>0</detail_view>
<display_status>0</display_status>
<iscustom>0</iscustom>
<islist>0</islist>
<fields>
<field>
<fieldname>assigned_user_id</fieldname>
<uitype>53</uitype>
<columnname>smownerid</columnname>
<columntype>VARCHAR(128)</columntype>
<tablename>vtiger_crmentity</tablename>
<generatedtype>1</generatedtype>
<fieldlabel>Assigned To</fieldlabel>
<readonly>1</readonly>
<presence>2</presence>
<defaultvalue></defaultvalue>
<sequence>1</sequence>
<maximumlength>100</maximumlength>
<typeofdata>V~M</typeofdata>
<quickcreate>1</quickcreate>
<quickcreatesequence></quickcreatesequence>
<displaytype>1</displaytype>
<info_type>BAS</info_type>
<helpinfo><![CDATA[]]></helpinfo>
<masseditable>1</masseditable>
</field>
<field>
<fieldname>createdtime</fieldname>
<uitype>70</uitype>
<columnname>createdtime</columnname>
<columntype>DATETIME</columntype>
<tablename>vtiger_crmentity</tablename>
<generatedtype>1</generatedtype>
<fieldlabel>Created Time</fieldlabel>
<readonly>1</readonly>
<presence>2</presence>
<defaultvalue></defaultvalue>
<sequence>2</sequence>
<maximumlength>100</maximumlength>
<typeofdata>T~O</typeofdata>
<quickcreate>1</quickcreate>
<quickcreatesequence></quickcreatesequence>
<displaytype>2</displaytype>
<info_type>BAS</info_type>
<helpinfo><![CDATA[]]></helpinfo>
<masseditable>0</masseditable>
</field>
<field>
<fieldname>modifiedtime</fieldname>
<uitype>19</uitype>
<columnname>modifiedtime</columnname>
<columntype>TEXT</columntype>
<tablename>vtiger_crmentity</tablename>
<generatedtype>1</generatedtype>
<fieldlabel>Modified Time</fieldlabel>
<readonly>1</readonly>
<presence>2</presence>
<defaultvalue></defaultvalue>
<sequence>3</sequence>
<maximumlength>100</maximumlength>
<typeofdata>T~O</typeofdata>
<quickcreate>1</quickcreate>
<quickcreatesequence></quickcreatesequence>
<displaytype>2</displaytype>
<info_type>BAS</info_type>
<helpinfo><![CDATA[]]></helpinfo>
<masseditable>0</masseditable>
</field>
</fields>
</block>
</blocks>
<customviews>
<customview>
<viewname>All</viewname>
<setdefault>true</setdefault>
<setmetrics>false</setmetrics>
<fields>
<field>
<fieldname>case_number</fieldname>
<columnindex>1</columnindex>
</field>
<field>
<fieldname>case_status</fieldname>
<columnindex>2</columnindex>
</field>
<field>
<fieldname>case_opened</fieldname>
<columnindex>3</columnindex>
</field>
<field>
<fieldname>client</fieldname>
<columnindex>4</columnindex>
</field>
<field>
<fieldname>subject</fieldname>
<columnindex>5</columnindex>
</field>
</fields>
</customview>
</customviews>
<sharingaccess>
<default>public_readwritedelete</default>
</sharingaccess>
<customlinks>
<customlink>
<linktype>DETAILVIEWBASIC</linktype>
<linklabel>View History</linklabel>
<linkurl><![CDATA[javascript:ModTrackerCommon.showhistory('$RECORD$')]]></linkurl>
<linkicon><![CDATA[]]></linkicon>
<sequence>1</sequence>
<handler_path><![CDATA[modules/ModTracker/ModTracker.php]]></handler_path>
<handler_class><![CDATA[ModTracker]]></handler_class>
<handler><![CDATA[isViewPermitted]]></handler>
</customlink>
</customlinks>
<actions>
<action>
<name><![CDATA[Import]]></name>
<status>disabled</status>
</action>
<action>
<name><![CDATA[Export]]></name>
<status>disabled</status>
</action>
<action>
<name><![CDATA[Merge]]></name>
<status>disabled</status>
</action>
</actions>
<relatedlists>
<relatedlist>
<function>get_related_list</function>
<label>RELATED_SUBJECTS</label>
<sequence>1</sequence>
<presence>1</presence>
<actions>
<action>ADD</action>
</actions>
<relatedmodule>Contacts</relatedmodule>
</relatedlist>
</relatedlists>
<crons>
</crons>
</module>
