<?xml version='1.0'?>
<schema>
	<tables>
		<table>
			<name>vtiger_casemanagement</name>
			<sql><![CDATA[CREATE TABLE `vtiger_casemanagement` (
    `casemanagementid` int(11) NOT NULL DEFAULT '0',
      `case_number` VARCHAR(32) DEFAULT NULL,
    `case_opened` DATE DEFAULT NULL,
    `client` INT(19) DEFAULT NULL,
      PRIMARY KEY (`casemanagementid`)
  ) ENGINE=InnoDB DEFAULT CHARSET=utf8]]></sql>
		</table>
		<table>
			<name>vtiger_casemanagementcf</name>
			<sql><![CDATA[CREATE TABLE `vtiger_casemanagementcf` (
  `casemanagementid` int(11) NOT NULL,
  PRIMARY KEY (`casemanagementid`)
) ENGINE=InnoDB DEFAULT CHARSET=utf8]]></sql>
		</table>
	</tables>
</schema>
