<?xml version="1.0"?>
<module>
<exporttime>2016-07-25 00:35:48</exporttime>
<name>CaseManagement</name>
<label>CaseManagement</label>
<parent>My Home Page</parent>
<version>1.0.0</version>
<dependencies>
<vtiger_version>6.0.0</vtiger_version>
</dependencies>
<tables>
<table>
<name>vtiger_casemanagement</name>
<sql><![CDATA[CREATE TABLE `vtiger_casemanagement` (
    `casemanagementid` int(11) NOT NULL DEFAULT '0',
      `case_number` VARCHAR(32) DEFAULT NULL,
    `case_opened` DATE DEFAULT NULL,
    `client` INT(19) DEFAULT NULL,
      PRIMARY KEY (`casemanagementid`)
  ) ENGINE=InnoDB DEFAULT CHARSET=utf8]]></sql>
</table>
<table>
<name>vtiger_casemanagementcf</name>
<sql><![CDATA[CREATE TABLE `vtiger_casemanagementcf` (
  `casemanagementid` int(11) NOT NULL,
  PRIMARY KEY (`casemanagementid`)
) ENGINE=InnoDB DEFAULT CHARSET=utf8]]></sql>
</table>
</tables>
<blocks>
<block>
<label>LBL_BLOCK_GENERAL_INFORMATION</label>
<sequence>1</sequence>
<show_title>0</show_title>
<visible>0</visible>
<create_view>0</create_view>
<edit_view>0</edit_view>
<detail_view>0</detail_view>
<display_status>0</display_status>
<iscustom>0</iscustom>
<islist>0</islist>
<fields>
<field>
<fieldname>case_number</fieldname>
<uitype>4</uitype>
<columnname>case_number</columnname>
<columntype>VARCHAR(32)</columntype>
<tablename>vtiger_casemanagement</tablename>
<generatedtype>1</generatedtype>
<fieldlabel>LBL_CASE_NUMBER</fieldlabel>
<readonly>2</readonly>
<presence>2</presence>
<defaultvalue></defaultvalue>
<sequence>1</sequence>
<maximumlength>100</maximumlength>
<typeofdata>V~M</typeofdata>
<quickcreate>0</quickcreate>
<quickcreatesequence></quickcreatesequence>
<displaytype>1</displaytype>
<info_type>BAS</info_type>
<helpinfo><![CDATA[]]></helpinfo>
<masseditable>0</masseditable>
<entityidentifier>
<fieldname>case_number</fieldname>
<entityidfield>casemanagementid</entityidfield>
<entityidcolumn>casemanagementid</entityidcolumn>
</entityidentifier>
</field>
<field>
<fieldname>case_opened</fieldname>
<uitype>5</uitype>
<columnname>case_opened</columnname>
<columntype>DATE</columntype>
<tablename>vtiger_casemanagement</tablename>
<generatedtype>2</generatedtype>
<fieldlabel>LBL_CASE_OPENED</fieldlabel>
<readonly>1</readonly>
<presence>2</presence>
<defaultvalue></defaultvalue>
<sequence>2</sequence>
<maximumlength>100</maximumlength>
<typeofdata>D~M</typeofdata>
<quickcreate>0</quickcreate>
<quickcreatesequence></quickcreatesequence>
<displaytype>1</displaytype>
<info_type>BAS</info_type>
<helpinfo><![CDATA[]]></helpinfo>
<masseditable>0</masseditable>
</field>
<field>
<fieldname>client</fieldname>
<uitype>10</uitype>
<columnname>client</columnname>
<columntype>INT(19)</columntype>
<tablename>vtiger_casemanagement</tablename>
<generatedtype>1</generatedtype>
<fieldlabel>LBL_CLIENT</fieldlabel>
<readonly>1</readonly>
<presence>2</presence>
<defaultvalue></defaultvalue>
<sequence>3</sequence>
<maximumlength>100</maximumlength>
<typeofdata>V~M</typeofdata>
<quickcreate>0</quickcreate>
<quickcreatesequence></quickcreatesequence>
<displaytype>1</displaytype>
<info_type>BAS</info_type>
<helpinfo><![CDATA[]]></helpinfo>
<masseditable>1</masseditable>
<relatedmodules>
<relatedmodule>Contacts</relatedmodule>
</relatedmodules>
</field>
</fields>
</block>
<block>
<label>LBL_BLOCK_SYSTEM_INFORMATION</label>
<sequence>2</sequence>
<show_title>0</show_title>
<visible>0</visible>
<create_view>0</create_view>
<edit_view>0</edit_view>
<detail_view>0</detail_view>
<display_status>0</display_status>
<iscustom>0</iscustom>
<islist>0</islist>
<fields>
<field>
<fieldname>assigned_user_id</fieldname>
<uitype>53</uitype>
<columnname>smownerid</columnname>
<columntype>INT(19)</columntype>
<tablename>vtiger_crmentity</tablename>
<generatedtype>1</generatedtype>
<fieldlabel>Assigned To</fieldlabel>
<readonly>1</readonly>
<presence>2</presence>
<defaultvalue></defaultvalue>
<sequence>1</sequence>
<maximumlength>100</maximumlength>
<typeofdata>V~M</typeofdata>
<quickcreate>0</quickcreate>
<quickcreatesequence></quickcreatesequence>
<displaytype>1</displaytype>
<info_type>BAS</info_type>
<helpinfo><![CDATA[]]></helpinfo>
<masseditable>1</masseditable>
</field>
<field>
<fieldname>createdtime</fieldname>
<uitype>70</uitype>
<columnname>createdtime</columnname>
<columntype>DATETIME</columntype>
<tablename>vtiger_crmentity</tablename>
<generatedtype>1</generatedtype>
<fieldlabel>Created Time</fieldlabel>
<readonly>1</readonly>
<presence>2</presence>
<defaultvalue></defaultvalue>
<sequence>2</sequence>
<maximumlength>100</maximumlength>
<typeofdata>T~O</typeofdata>
<quickcreate>0</quickcreate>
<quickcreatesequence></quickcreatesequence>
<displaytype>2</displaytype>
<info_type>BAS</info_type>
<helpinfo><![CDATA[]]></helpinfo>
<masseditable>0</masseditable>
</field>
<field>
<fieldname>modifiedtime</fieldname>
<uitype>19</uitype>
<columnname>modifiedtime</columnname>
<columntype>DATETIME</columntype>
<tablename>vtiger_crmentity</tablename>
<generatedtype>1</generatedtype>
<fieldlabel>Modified Time</fieldlabel>
<readonly>1</readonly>
<presence>2</presence>
<defaultvalue></defaultvalue>
<sequence>3</sequence>
<maximumlength>100</maximumlength>
<typeofdata>T~O</typeofdata>
<quickcreate>0</quickcreate>
<quickcreatesequence></quickcreatesequence>
<displaytype>2</displaytype>
<info_type>BAS</info_type>
<helpinfo><![CDATA[]]></helpinfo>
<masseditable>0</masseditable>
</field>
</fields>
</block>
</blocks>
<customviews>
<customview>
<viewname>All</viewname>
<setdefault>true</setdefault>
<setmetrics>false</setmetrics>
<fields>
<field>
<fieldname>case_number</fieldname>
<columnindex>1</columnindex>
</field>
<field>
<fieldname>case_opened</fieldname>
<columnindex>2</columnindex>
</field>
<field>
<fieldname>client</fieldname>
<columnindex>3</columnindex>
</field>
</fields>
</customview>
</customviews>
<sharingaccess>
<default>public_readwritedelete</default>
</sharingaccess>
<actions>
<action>
<name><![CDATA[Import]]></name>
<status>disabled</status>
</action>
<action>
<name><![CDATA[Export]]></name>
<status>disabled</status>
</action>
<action>
<name><![CDATA[Merge]]></name>
<status>disabled</status>
</action>
</actions>
<crons>
</crons>
</module>
